{"cameraMode":{"drawMode":0,"name":"Shaded","section":"Shading Mode"},"sceneLighting":true,"audioPlay":false,"sceneViewState":{"showFog":true,"showMaterialUpdate":false,"showSkybox":true,"showFlares":true,"showImageEffects":true,"showParticleSystems":true},"in2DMode":false,"pivot":{"x":0.7063201665878296,"y":-2.9036786556243898,"z":-5.09282922744751},"rotation":{"x":0.16905328631401063,"y":-0.6393281817436218,"z":0.14693109691143037,"w":0.735589325428009},"size":13.482590675354004,"orthographic":true}